{"cameraMode":{"drawMode":0,"name":"Shaded","section":"Shading Mode"},"sceneLighting":false,"audioPlay":false,"sceneViewState":{"showFog":true,"showMaterialUpdate":false,"showSkybox":false,"showFlares":true,"showImageEffects":true,"showParticleSystems":true},"in2DMode":false,"pivot":{"x":-5.760000228881836,"y":1.6699999570846558,"z":-0.16080188751220704},"rotation":{"x":-0.06897536665201187,"y":0.928985595703125,"z":-0.223216712474823,"w":-0.28706201910972597},"size":2.857883930206299,"orthographic":false}